{"\u666e\u901a\u91cd\u578b": 0.5674618385154788, "\u81ea\u7528": 0.2870172036707177, "\u5176\u4ed6": 0.07219679375887804, "\u8173\u8e0f\u81ea\u884c\u8eca": 0.012603999909810376, "\u666e\u901a\u8f15\u578b": 0.011781019593695746, "\u96fb\u52d5\u81ea\u884c\u8eca": 0.00989831119929652, "\u8a08\u7a0b\u8eca": 0.00974047935784988, "\u71df\u696d\u7528": 0.009627742328245136, "\u79df\u8cc3\u8eca": 0.0069446010236522285, "\u5927\u578b\u91cd\u578b2(250-550C.C.)": 0.004284007124980271, "\u5927\u578b\u91cd\u578b1(550C.C.\u4ee5\u4e0a)": 0.003055173502288562, "\u6c11\u71df\u516c\u8eca": 0.0009131699397984262, "\u96fb\u52d5\u8f14\u52a9\u81ea\u884c\u8eca": 0.0009018962368379518, "\u6c11\u71df\u5ba2\u904b": 0.0007327906924308359, "\u904a\u89bd\u8eca": 0.0005862325539446687, "\u52d5\u529b\u6a5f\u68b0": 0.0005749588509841942, "\u5176\u4ed6\u8eca": 0.00030438997993280874, "\u5176\u4ed6\u6162\u8eca": 0.00028184257401185994, "\u516c\u71df\u516c\u8eca": 0.00021420035624901355, "\u5c0f\u578b\u8f15\u578b": 0.00016910554440711597, "\u8b66\u5099\u8eca": 0.00015783184144664157, "\u81ea\u7528\u5927\u5ba2\u8eca": 0.00010146332664426958, "\u516c\u71df\u5ba2\u904b": 7.891592072332079e-05, "\u5176\u4ed6\u7279\u7a2e\u8eca": 6.764221776284638e-05, "\u8fb2\u8015\u7528\u8eca(\u6216\u6a5f\u68b0)": 6.764221776284638e-05, "\u6551\u8b77\u8eca": 5.636851480237199e-05, "\u62d6\u8eca(\u67b6)": 5.636851480237199e-05, "\u4eba\u529b\u8eca": 4.509481184189759e-05, "\u5c0f\u578b\u8eca": 3.382110888142319e-05, "\u5927\u5ba2\u8eca": 1.1273702960474397e-05, "\u62fc\u88dd\u8eca": 1.1273702960474397e-05, "\u5de5\u7a0b\u8eca": 1.1273702960474397e-05, "\u8f09\u91cd\u8eca": 1.1273702960474397e-05}