{"\u666e\u901a\u91cd\u578b": 0.5616721930129884, "\u81ea\u7528": 0.2916170516789712, "\u5176\u4ed6": 0.07528349240661696, "\u8a08\u7a0b\u8eca": 0.011522890065400186, "\u8173\u8e0f\u81ea\u884c\u8eca": 0.011440452855075384, "\u71df\u696d\u7528": 0.009370362906919229, "\u666e\u901a\u8f15\u578b": 0.00824372103248026, "\u96fb\u52d5\u81ea\u884c\u8eca": 0.007236155128510452, "\u79df\u8cc3\u8eca": 0.006998003187572132, "\u5927\u578b\u91cd\u578b2(250-550C.C.)": 0.0045706853280085, "\u5927\u578b\u91cd\u578b1(550C.C.\u4ee5\u4e0a)": 0.002766226390898932, "\u5fae\u578b\u96fb\u52d5\u4e8c\u8f2a\u8eca": 0.002463956619707989, "\u96fb\u52d5\u8f14\u52a9\u81ea\u884c\u8eca": 0.001996812427867441, "\u6c11\u71df\u516c\u8eca": 0.0009068093135728287, "\u904a\u89bd\u8eca": 0.0008152124132119369, "\u6c11\u71df\u5ba2\u904b": 0.0007785736530675802, "\u52d5\u529b\u6a5f\u68b0": 0.0004854635719127265, "\u5176\u4ed6\u6162\u8eca": 0.0003480682213713888, "\u8b66\u5099\u8eca": 0.0002473116309744078, "\u516c\u71df\u516c\u8eca": 0.0002106728708300511, "\u5176\u4ed6\u8eca": 0.00016487442064960523, "\u5c0f\u578b\u8f15\u578b": 0.0001373953505413377, "\u6551\u8b77\u8eca": 0.0001282356605052485, "\u8fb2\u8015\u7528\u8eca(\u6216\u6a5f\u68b0)": 0.00010075659039698096, "\u81ea\u7528\u5927\u5ba2\u8eca": 0.00010075659039698096, "\u516c\u71df\u5ba2\u904b": 9.159690036089178e-05, "\u4eba\u529b\u8eca": 8.243721032480262e-05, "\u62fc\u88dd\u8eca": 7.327752028871344e-05, "\u5c0f\u578b\u8eca": 4.579845018044589e-05, "\u5176\u4ed6\u7279\u7a2e\u8eca": 3.663876014435672e-05, "\u62d6\u8eca(\u67b6)": 3.663876014435672e-05, "\u5de5\u7a0b\u8eca": 9.15969003608918e-06, "\u5927\u5ba2\u8eca": 9.15969003608918e-06, "\u6d88\u9632\u8eca": 9.15969003608918e-06}